Title,#,Catalog Grade,CGC Grade,Catalog Notes
Ace Comics,4,VG-,,almost VG (VG if flattened out)
Ace Comics,5,VG/FN,,
Ace Comics,6,VG,,Spine roll; some warp
Ace Comics,7,VG,,
Ace Comics,14,FN+,,
Ace Comics,15,VG/FN,,
Ace Comics,16,VG/FN,,
Ace Comics,17,VG+,,(d.l. 120 along fc to sp)
Ace Comics,18,FN/VFN,,
Ace Comics,26,VG,,Origin Prince Valiant
Ace Comics,27,VG+,,
Ace Comics,30,FN/VFN,5.5,lite crease full length fc
Ace Comics,31,FN,,2x2 STN btm fc
Ace Comics,34,VFN/NM,,
Ace Comics,35,NM/M,,
Ace Comics,36,NM/M,,
Ace Comics,37,NM,,
Ace Comics,38,VFN/NM,,2 crease lower rt corner
Ace Comics,39,VFN/NM,,
Ace Comics,40,FN,,lite Speckling 1/2 sp
Ace Comics,41,NM/M,,
Ace Comics,47,VFN/NM,,
Ace Comics,48,NM/M,9.2,
Ace Comics,49,,7,mouse chew btm fc L.R corner; 2x1 STN; Rusty Staples
Ace Comics,50,FN,,
Ace Comics,51,NM,,
Ace Comics,54,NL,7.5,
Action Comics,1,VFN,8,Slight sp roll; lite spordeling BC at top left margin x = 6; No back cover
Action Comics,2,FN,,1x1 po btm rt corner; Warp fc; Rusty Staples
Action Comics,3,,,mouse chew 2x1 2/3 (Non-art) Warp it
Action Comics,4,VFN,,po 2x2 fc; Rusty Staples
Action Comics,6,VFN/NM,,Coupon out; Rusty Staples
Action Comics,7,VFN,,3x1.5 STN bc; Rusty Staples
Action Comics,8,VFN,,tiny po sp
Action Comics,9,VG,,water stns fc & bc; dark BC; fc & bc wear; lite fc
Action Comics,12,VFN,,
Action Comics,13,NM/M,8,
Action Comics,14,NM/M,7.5,
Action Comics,15,VFN/NM,,coupons out Bc; 3x2; Rusty Staples
Action Comics,16,VFN,,
Action Comics,17,NM/M,,several pages
Action Comics,18,VG+,,2.5x1 STN; long stor BC - ws
Action Comics,19,VFN/NM,,
Action Comics,20,FN,4,11x4 STN across btm fc time storage stain; Rusty Staples
Action Comics,21,VFN/NM,,
Action Comics,23,NM/M,,
Action Comics,24,NM/M,9,
Action Comics,25,NM,,lite Speckling 1/2 x halfspec
Action Comics,26,NM,,Slight warp
Action Comics,28,VFN/NM,7.5,
Action Comics,32,NM,8,
Action Comics,34,NM,,
Action Comics,35,FN,,mouse chews pages 18 to 28 1/2 of back; Non-art; Rusty Staples
Action Comics,36,NM,,BC faded; fc gloss
Action Comics,37,NM/M,9,
Action Comics,38,NM,,Speckle band 1/4 x full length left margin fc
Action Comics,39,VFN/NM,,
Adventure Comics,17,FN,,
Adventure Comics,18,FN/VFN,,
Adventure Comics,19,VFN,,
Adventure Comics,21,G/VG,,
Adventure Comics,30,VG/FN,,water stn top fc; long crease lower left corner
Adventure Comics,38,VG+/FN,,1/2 neat tear fc at sp
Adventure Comics,41,VFN,,
Adventure Comics,43,NM/M,,
Adventure Comics,44,NM/M,9,
Adventure Comics,45,NM/M,,
Adventure Comics,46,NM/M,,
Adventure Comics,48,NM,9.2 (SA),dust bare top fc & 1/4 across top bc
Adventure Comics,49,NM/M,9.4,
Adventure Comics,50,NM/M,,
Adventure Comics,52,NM/M,,
Adventure Comics,53,NM,8,
Adventure Comics,54,VFN/NM,8.5,
Adventure Comics,58,NM,8.5,
Adventure Comics,59,NM,,gentle warp
Adventure Comics,60,NM,,lite speckling 1/3 spine
Adventure Comics,61,NM,8.5,dust band rt margin fc 1/4 depth
Adventure Comics,62,NM,,
Adventure Comics,63,VFN/NM,,dust raid across top fc
All American,1,NL,8.5,
All American,5,NM/M,,
All American,6,VFN,8,sm dirt smudge
All American,7,,,4.5x2 STN fc; else high grade
All American,8,,,1st Ultraman
All American,9,NM,8,slight warp fc
All American,10,VFN/NM,7.0(SP),
All American,11,VF/NM,,some warp
All American,12,,,1/2x3 speckling margin
All American,13,VFN/NM,,lite speckling btm bc near sp
All American,14,NM,,water Green
All American,16,VFN,,Coupon out centerfold page; lite speckling fc & BC
All American,17,NM,9.2(MP),
All American,18,NM,,speckling btm fc near spine; VFN at spine
All American,21,NM/M,,
All American,22,NM,,Speckled band 1/2x length fc at rt margin
All American,24,NM,,lite Speckling length at sp (1st Sargon)
All American,27,NM,,Slight warp
All American,28,NM/M,,
All American,29,NM,,
All American,30,NM,,lite stn 1/3 pt margin 1/2 wide
All Flash,1,NM/M,,
All Star,3,NM/M,,
All Star,4,NM/M,9.4,
All Star,5,VFN,,
All Star,6,NM/M,9.2,
Amazing Adv Funnies,1,NM,5.5,Phantom Page notation
Amazing Man,5,VFN,,Water stn 1 top fc; (#1)
Amazing Man,6,VF/NM,5,1x1 dark stn top left bc near sp; lite bc stn near sp
Amazing Man,7,NM/M,,
Amazing Man,8,NM/M,8,
Amazing Man,9,NM,,Small dark stn left fc at sp
Amazing Man,10,NM/M,8,
Amazing Man,11,NM,,
Amazing Man,12,VFN/NM,8.5,
Amazing Man,13,VFN,8,Speckling 1-3 margin fc
Amazing Man,15,NM,8.5,lite dust band 1/4-1/3 length margin bc
Amazing Man,20,NM,,
Amazing Man,21,NM,,spine roll; 1st NM layout; tribe
Amazing Man,22,NM,,dust band 1/4 top BC
Amazing Mystery Funnies,1,VFN,,8/38; cover
Amazing Mystery Funnies,2,,,9/38; 2.5x1.5 po top title; dusty disappearing paper
Amazing Mystery Funnies,3,FN,5,12/38; Some warp
Amazing Mystery Funnies,V2#1,G,,1939; Sp repair; 3/4 to rt margin disappearing; 1st issue #25
Amazing Mystery Funnies,Feb-39,,,3x1 deep po margin
Amazing Mystery Funnies,V2#5,NM,9,5/39; gentle warp roll
Amazing Mystery Funnies,V2#6-14,NM,,Jun-39
Amazing Mystery Funnies,23,NM/M,,
Amazing Mystery Funnies,V2#9,NM/M,7,
Amazing Mystery Funnies,V2#10,VF/NM,,
Amazing Mystery Funnies,V2#11,NM/M,,
Amazing Mystery Funnies,V2#12,,,warp roll
Amazing Mystery Funnies,V3#1,FN,,Issue 17; neat 5x7 coupon out fc; 7/40
Amazing Mystery Funnies,18,NM,,
Amazing Mystery Funnies,19,NM/M,,
Amazing Mystery Funnies,20,NM/M,9,
Amazing Mystery Funnies,21,VFN+,9.4(SP),4.5 dust band rt margin
Amazing Mystery Funnies,22,NM,9,
The Arrow,1,NM,,
Barney Baxter,15,NM,,Feature Book
Batman,1,VFN+,8,lite dust band margin fc to bc; storage warp
Batman,2,VFN,,scuffed bc; sp roll; tiny po
Batman,3,NM,,lite Speckled band RMFC; 1 tr bc; water warp lower corners
Batman,4,VFN,,water warp length to BC
Batman,5,FN,,
Batman,6,FN,,2 sm mse chws rt margin
Big Shot,1,NL,7,
Big Shot,3,NL,6,
Big Shot,15,NL,7.5,
Big Shot,16,NL,7.5,
Big Three,1,NM,,sm po BC
Big Three,4,NL,8,
Blue Beetle,1,,7.5,2.25 crease lower rt fc corner
Blue Beetle,2,VFN+,,Some warp
Blue Beetle,3,NM,,some warp
Blue Beetle,6,,,6 Magic tape BC; value po BC
Blue Bolt,1,NM,,lite pencil writing margin BC
Blue Bolt,2,VG/FN,,sm po fc at upper rt; some warp
Blue Bolt,3,VG,,
Blue Bolt,V1#4,VFN,,
Blue Bolt,V2#1,NM,,
Blue Bolt,V2#2,NM,,mis-bound
Blue Ribbon,1,FN,8.5,
Blue Ribbon,2,NM/M,9,
Blue Ribbon,3,NM/M,,
Blue Ribbon,4,VFN/NM,,
Blue Ribbon,5,NM/M,,
Blue Ribbon,6,NM/M,,
Blue Ribbon,10,NM,7,crease BC; 3/4 dusty pt margin fc
Blue Ribbon,11,VFN/NM,5,dust band 1xlength at margin ft corner
Blue Ribbon,12,NM/M,,
Blue Ribbon,13,NM,,1/4 dress dust band top fc
Blue Ribbon,14,NM,,small lite Speckling 3x front cover
Blue Ribbon,15,NM/M,,
Blue Ribbon,16,NM/M,,tiny po sp; 1st po sp
Bronco Bill,2,VG+,,Warp & lite speckling fc; (#2)
Bulletman,1,NM,,lite dust & water stns BC; FC-M; water stn 1 along
Captain America,1,VFN,9.2©,
Captain America,2,VFN/NM,,4x2 po btm BC; lite fading btm FC; 3x tray chew bc & sp
Captain America,3,VG/FN,,Some warp; 2 tiny po Bc;
Captain America,5,NM/M,,
Capt. Fearless,1,NM/M,,
Capt. Marvel,1,NM,,lite fold full length fc
Capt. Marvel,2,NM/M,7.5(c1),
Catman,1,NM/M,9,Full warp rt margin fc
Catman,2,VFN/NM,9.4(sp),
Catman,3,NM,,
Champ,13,NM/M,8,
Champ,14,NM/M,,
Champ,15,VFN/NM,,Speckling full across top fc; full at margin fc
Champion,2,VFN/NM,,
Champion,3,NM/M,8,tiny po sp
Champion,4,NM,,
Champion,5,NM,,
Champion,6,NM/M,9,2 tear last page
Champion,7,NM/M,,TBC
Champion,8,VFN/NM,,1 dust band across top fc; else NM
Champion,9,FN,,1 dust band rt margin fc
Champion,10,NM/M,8.5,
Circus,1,VG,,pp coupon out; Wolverton art
Circus,3,FN,6.5,Sm po BC + sev tiny tears at corner
The Comics,5,NM,,
The Comics,9,VFN/NM,7,
The Comics,10,VG,,
The Comics,11,,,Bad mse chew btm rt 3-5 pages
Comics on Parade,1,VG/FN,,some warp fc
Comics on Parade,3,VG/FN,5,
Comics on Parade,5,NM,,slight warp
Comics on Parade,22,VFN/NM,5.5,
Comics on Parade,23,NM,,
Comics on Parade,24,NM/M,,
Comics on Parade,25,NM,,2 tear to fc at sp
Comics on Parade,26,FN/VFN,,
Comics on Parade,27,VFN,,
Comics on Parade,28,NM,6(b1),gentle warp
Comic Pages,5,VFN,,VALLUM equivalent
Cowboy Comics,13,VFN,6,Jul-38
Cowboy Comics,14,VFN,6.5,Aug-38
Crack,1,FN/NM,,tiny po last page of book; st uk M. - at lite ragged at top
Crack,2,NL,4,
Crack,3,VFN/NM,,
Crack,4,NM,6.5,
Crack,5,VFN/NM,,faded
Crack,10,FN,,
Crack,11,NM,,it margin
Crack,12,,,Five on Black Condon
Crack,13,NM/M,9,
Crack,14,NM/M,,
Crackajack Funnies,1,FN,6.5,
Crackajack Funnies,2,VFN,,
Crackajack Funnies,3,VG/FN,,
Crackajack Funnies,4,VG/FN,,
Crackajack Funnies,5,VFN,,
Crackajack Funnies,7,VFN/NM,,
Crackajack Funnies,8,NM,,roll-warp
Crackajack Funnies,10,FN,,
Crackajack Funnies,11,NM,7.5,
Crackajack Funnies,12,FN,,
Crackajack Funnies,13,VFN,6,
Crackajack Funnies,14,FN,6.5,
Crackajack Funnies,15,NM,,
Crackajack Funnies,17,NM/M,,
Crackajack Funnies,18,NM/M,,
Crackajack Funnies,19,NM,,
Crackajack Funnies,20,NM,,
Crackajack Funnies,21,VF/NM,,med-dark 1/2 page; else NM
Crackajack Funnies,22,NM,,
Crackajack Funnies,23,NM,,
Crackajack Funnies,24,VG,,Warp
Crackajack Funnies,25,VFN/NM,,st out
Crackajack Funnies,26,VFN/NM,7,
Crackajack Funnies,27,VG/FN,7,dust band sp 3/4 length; dust band btm fc 1/2
Crackajack Funnies,28,NM,,
Crackajack Funnies,29,VFN,7.5,
Crackajack Funnies,30,VFN,,
Crackajack Funnies,32,NM/M,,
Crackajack Funnies,33,VG,,upper left fc faded 2.5x4
Crackajack Funnies,34,NM,,
Crackajack Funnies,35,NM,,
Crackajack Funnies,36,,7.5,warp of book; else NM
Crackajack Funnies,37,NM,,lite warp
Crash,1,NM/M,8.5,tiny po sp
Crash,3,VG/FN,,warp; water stn on lite front cover
Cyclone,1,,,warp btm; rst NM
Cyclone,2,VFN/NM,,
Cyclone,3,NM/M,9.2,
Danny Dingle,1940,NM,,S.S. 17; slight warp
Daredevil,1,NM,8.5,
Daredevil,2,NM/M,,cmr
Daredevil,3,NM,,3x piece out Bc; sev small tears
Daring,1,NM,5.5,
Daring,2,NM/M,9,
Daring,3,NM/M,,
Daring,4,FN,,fold-warp length crease of fc
Daring,5,NM,,penciled names BC left margin top
Daring,7,FN,,lite water fc - 3x1.5x8
Detective,3,FN,,lite 1 dust band rt margin fc
Detective,4,NM,,
Detective,5,NM/M,,
Detective,6,VG,,lite waterstn fc + full length of fc
Detective,7,VFN/NM,,
Detective,8,VFN,,warp-roll whole book; 1st VFN
Detective,9,G/VG,,Warp fc; lite water stn fc & BC
Detective,10,G,,Warped; water stn fc & bc
Detective,14,VG,,lite-med water stn fc & BC
Detective,30,NM,,
Detective,35,FN,,3/4 tear BC; 1/2 tear sp; mouse chew repaired sp at top 1
Detective,36,NM,,dark stain bottom spine inside book art
Detective,37,,,sm po fc; rest NM; 1.5x1.25 water stain fc
Detective,38,VFN/NM,,1st Robin; 2.25x1.5 stain btm BC
Detective,39,NM,,
Detective,40,FN,,Speckling; coupon out centerfold
Detective,41,NM,,
Detective,42,NM/M,,
Detective,43,NM,,
Detective,44,,,mouse chew 1x3.5 fc; some warp; rest FN
Detective,47,NM,,dust band 1/2 top; all top bc
Detective,49,NM/M,,
Detective,50,,,btm fc faded 1.25 to 3/4 length; sp roll; sm po fc
Detective Picture Stories,437 (#2),VFN/NM,,
Detective Picture Stories,2/37 (#3),VFN,,
Detective Picture Stories,3/37(#4),NM,,1 tr bc
Detective Picture Stories,12/36 #1,VFN/NM,,? Detective Funnies ?
Detective Picture Stories,4/37 #5,NM,,
Dick Tracy,1,FN+,,The Clock - color; fc dim; 1st black & white copy (1.5x1.5 po RMFC)
Dick Tracy,4,VFN,,Warp
Dick Tracy,6,VFN,,1.5 tear spine; lite speckling 1x2
Dick Tracy,8,VFN,,Some warp; water spotting; Speckling BC dust RM
Dick Tracy,11,VG/FN,,Warp
Don Winslow,1938,,,color #2?; FN (1/2 repair)
Ella Cinders,5,VFN/NM,,S.S. #2; water warp; lite water stn BC & SP; lower corners scuffed; 1/2 length
Exciting,1,NM/M,,
Exciting,2,VFN/NM,,Cap Title roll
Exciting,3,VFN/NM,,stain/speckling BC
Exciting,4,NM,,
Exciting,7,NM,,1/2 dust band top fc
Exciting,8,VFN/NM,,gentle roll rt margin book
Exciting,9,NM,,dust band RMFC (Black Terror)
Exciting,10,VFN/NM,,1.25x4 STN BC at spine; lite bc near sp stn
Exciting,11,VFN,,2x2.75 Dust band top fc; 1/4 length diminished 5/6 of spine long
Exciting,12,NM,,
Famous Funnies,10,FN,,
Famous Funnies,11,VFN,,
Famous Funnies,12,VFN/NM,,
Famous Funnies,13,FN/VFN,,
Famous Funnies,14,VFN/NM,,Sev pages rough at tops due to stuck pages; freed
Famous Funnies,15,FR/PR,,lg pieces out; 6x3.5; 2x2.5
Famous Funnies,21,VFN/NM,,dust band across btm fc
Famous Funnies,22,NM,,
Famous Funnies,24,FN/VFN,,dust band top fc; 1.5x1.5 dirt circle fc
Famous Funnies,27,VFN,,
Famous Funnies,30,VFN/NM,,1 white scuff BC
Famous Funnies,31,VFN/NM,,
Famous Funnies,37,VG/FN,,
Famous Funnies,38,VG/FN,,speckling RMFC
Famous Funnies,39,G/VG,,warp fc; 1st page dirty; back badly chewed rt margin; rest VFN
Famous Funnies,47,NM,,
Famous Funnies,49,,,(1/2x1.25 po fc; RM fc rough 1/2 length); rest FN; coupon out
Famous Funnies,50,FN,,lite speckling 1/2 btm rt fc
Famous Funnies,53,G/VG,,Warp length fc
Famous Funnies,54,VG+,,water warp; speckling btm 1/3 fc
Famous Funnies,55,VG,,
Famous Funnies,56,FN/VFN,,
Famous Funnies,61,VFN/NM,,
Famous Funnies,62,NM/M,,
Famous Funnies,64,NM/M,,
Famous Funnies,65,VFN,,
Famous Funnies,66,VFN/NM,,flat crease BC + 1/2 tear BC
Famous Funnies,67,NM,,
Famous Funnies,68,NM,,flat crease BC + 1/2 tr. BC
Famous Funnies,72,,,dark stn 1.5x2 lower left fc corner; rest VFN; 3x2 brown paper affixed fc
Famous Funnies,73,NM,,
Famous Funnies (Cont),29,NM/M,,
Famous Funnies (Cont),81,FN,,SUPAWAN; lite dust band 1 RMFC + lower left front corner faded across; lite warp
Famous Funnies (Cont),82,VFN,,Buck Rogers Cover
Famous Funnies (Cont),83,NM,,
Fantastic,1,NM,,
Fantastic,2,NM,,gentle warp
Fantastic,4,NM/M,,out BC 3.5; dark stn x 3/4 fc + BC; Coupon cut
Fantastic,5,NM/M,,
Fantastic,6,NM,,roll-warp
Fantastic,7,VFN/NM,,1 water stn 1/3 way btm fc at sp
Fantastic,8,VFN/NM,,1st VFN; dust band 1 RMFC
Fantastic,9,VFN,,dust line 1/4 across top fc; sm po BC; lite stn BC
Fantastic,20,VG/FN,,water warp 1/2 of fc
Fantastic,21,NM,,
Fantastic,22,VFN/NM,,Dust band 1/2 full length RMFC
Fantoman,2,NM,,
Feature Funnies,9,,,rough length 1/2 RMFC & BC scuffed; sm po; rest VFN
Feature Funnies,10,G/VG,,CSP roll
Feature Funnies,13,,,1.5x1.5 badly chewed btm fc; chew btm right front cover; rest FN/VFN
Feature Funnies,15,VG/FN,,sm po sp (+ 2 pages)
Feature Funnies,33,,,ripple warp 1/3 fc; 1st FN
Feature Funnies,36,VFN/NM,,
Feature Funnies,37,,,(2.5x1.5 po BC + 2x small mouse chews); rest FN
Feature Funnies,42,VF/NM,,
Feature Funnies,43,,,btm FC faded; sm po BC; rest VG
Feature Funnies,44,NM,,
Feature Funnies,45,G/VG,,multi-warped
Feature Funnies,46,VFN/NM,,Speckling RMFC; client of RM
Feature Funnies,47,NM,,dust band btm fc; 1/2 dust band RMFC
Fight,1,NM,,neat 4x2 po top fc coupon; 1st NM
Fight,2,NM,,
Fight,3,NM/M,,gentle roll rt margin
Fight,4,,,stn 3.5x1.5 BC + 1/2x 1/4 3 back pages; gentle warp
Fight,5,NM/M,,
Fight,6,NM/M,,
Fight,7,VFN/NM,,sm po btm fc + 1st page
Fight,11,FN/NM,,roll-warp rt margin; 1st FN/NM
Fight,12,NM,,tiny po btm right fc
Fight,13,NM,,
Fight,14,NM/M,,
The Flame,1,FN/NM,,Some warp + lite stn fc & bc
The Flame,4,VG,,1/4 length lg po btm fc 3/4 length; BC rough; rest VG
The Flame,5,VF/NM,,spine warp
The Flame,6,NM/M,,
Flash Comics,2,FN/NM,,lite printing smudge down middle fc; else NM
Flash Comics,3,NM/M,,
Flash Comics,4,NM/M,,
Flash Comics,5,NM,,
Flash Comics,6,FN,,Speckling 1/2 along RMFC + btm fc; else NM/M
Flash Comics,8,NM,,2 speckled band sp
Flash Comics,9,FN/NM,,long discolorations FC; else NM
Flash Comics,12,NM,,
Flash Comics,13,NM/M,,
Flash Comics,15,NM,,
Flash Comics,16,NM,,
Flash Comics,17,NM,,
Flash Comics,18,NM,,dust band across top BC; tiny piece out btm rt corner
Flash Comics,19,NM/M,,lite dust band 1/2 RMFC
Flash Comics,20,NM,,1/2 dust band top fc
Flash Comics,21,,,slight warp
Flash Gordon F.B.,25,VFN,,sm po BC
Frankie Poodle SS,,warp,,
Fritzi Ritz,SS1#5,VFN/NM,,
The Funnies,1,FN,,
The Funnies,8,VFN/NM,,
The Funnies,11,VG,,medium water stn spot top rt fc & bc
The Funnies,12,G/VG,,lite water stn 1/3 fc & bc; some warp
The Funnies,21,FN/VFN,,6.25x3/4 po + stn fc 2 pp - Non art; 1st FN/VFN
The Funnies,23,FN/VFN,,
The Funnies,24,FN,,btm 1/3 fc lite speckling & lite warp; 1st NM
The Funnies,31,FN/VFN,,
The Funnies,32,VFN/NM,,
The Funnies,34,VG,,
The Funnies,35,NM,,
The Funnies,36,NM,,3/8 dust band RMFC
The Funnies,37,NM/M,,
The Funnies,38,NM,,sm stn btm fc; 1/2 lite water stn bc 2/3 way down
The Funnies,39,NM,,
The Funnies,40,VFN/NM,,
The Funnies,41,NM,,
The Funnies,42,NM,,2 tiny tears bc; 2 sm creases bc; gentle roll-warp
The Funnies,43,NM/M,,
The Funnies,44,VFN,,
The Funnies,45,VFN/NM,,1x1.5 po fc; 1st VFN/NM
The Funnies,46,NM/M,,
The Funnies,53,NM,,lite speckling
The Funnies,54,,,water rot 2/3 btm fc; 1x4 faded up near sp; rest NM
The Funnies,55,VFN/NM,,lite water stn btm fc; some warp btm back
The Funnies,56,NM,,BC BAD
The Funnies,57,VFN/NM,,chew RMFC 1/4 way
The Funnies,58,NM/M,,
The Funnies,59,NM,,
The Funnies,61,VFN/NM,,Jun-36
The Funnies,11,VFN,,6/37; issue 11
Funny Pages,1/36 (#3),VG+,,
Funny Pages,9/39 (V3#7),NM,,gentle warp
Funny Pages,Nov-36,,,4 dust band top fc; lite one 1/2 RMFC; 6-VFN
Funny Pages,V1#7,VG/FN,,
Funny Pages,9/38 V2#10,VG,,water warp; rest VG
Funny Pages,2/39 V3#1,,,mouse chew; VG; spine roll warp sp; lite speckling fc & bc
Funny Pages,V2#2,VFN/NM,,
Funny Pages,V2#12,VFN,,2x4 speckling RMFC
Funny Pages,V3#3,FN,,
Funny Pages,4,NM,,
Funny Pages,5,NM,,
Funny Pages,8,NM/M,,
Funny Pages,9,VF/NM,,1/2 stn btm fc
Funny Pages,V4#1,NM/M,,speckled line top fc
Funny Pages,35,VFN/NM,,dust band 3/4x4/16 to sp
Funny Pages,36,FN/VFN,,water stn BC; 1 tear BC
Funny Pages,37,VF/NM,,1x5 speckling rt fc; 6x5 top fc
Funny Pages,38,NM/M,,
Funny Pages,39,VFN/NM,,
Funny Pages,40,NM,,tiny po fc
Funny Pages,41,FN,,water warp 1/2 btm fc across
Funny Picture Stories,11/36 (#1),FN/VFN,,
Funny Picture Stories,12/36 (#2),NM/M,,
Funny Picture Stories,1/37 (#3),NM/M,,
Funny Picture Stories,9/37 (#11),NM,,tops of pages rough due to stuck pages
Future,,NM/M,,6/40; Phantom + h.r.
Gag,1,NM,,lots of grin bear it; mostly clean with water
Gangbusters BAW,10,VG,,lite fading 3/4x2 sp fc; sm po
Green Hornet,2,NM/M,,
Green Hornet,3,NM,,
Green Hornet,4,NM/M,,
Green Hornet,10-May,,,issue 19
Green Mask,1,VG+,,1.5 tear fc; 2x small mouse chew BC at top
Green Mask,4,,,badly faded 1.5 spine + 1.5 po length
Green Mask,5,FN/NM,,some warp
Heroic,1,NM,,no back cover; 1st NM
Heroic,6,NM/M,,
Heroic,7,FN,,M/M equivalent
Hit,1,FN/NM,,line ridge 1/4 along rt margin; po fc at top; 1/16 dust band RMFC
Hit,3,VF/NM,,2 fine line creases length fc
Hit,4,VF/NM,,very sm piece out fc at top; 1/16 dust band RMFC
Hit,9,NM,,dust band top fc; Lou Fine cover
Hit,10,NM/M,,
Hit,11,FN,,
Hit,12,VFN/NM,,Fine cover
How It Began,1,VG,,sp at lower left; bc water warp
Human Torch,13,NM,,long thin cover crease lower left fc
Human Torch,2,NM/M,,Winter 1940; water warp back at
Human Torch,3,NM,,Spring; speckling to fc length
Inspector Wade,F.B./3,NM,,
Jackpot,1,NM/M,,
Jim Hardy S.S.,6,VFN/NM,,1x2 po bc; gentle roll warp body
Jumbo,1,VG,,1.25x3/4 tear out whole book lower rt; rest VG
Jumbo,3,,,mouse chew church out upper rt corner 3 of book
Jumbo,5,VG,,1/4x2.5 po top rt fc; rest VG
Jumbo,10,NM/M,,
Jumbo,12,NM,,
Jumbo,13,NM,,1/4x3/4 po top fc corner; slite roll; 1st NM
Jumbo,14,NM/M,,
Keen Comics,V2#1,,,mouse chew lower left 1/2x3/8; rest VF
Keen Comics,V2#2,NM/M,,
Keen Comics,V2#3,NM,,
Jumbo Comics (Cont),15,NM,,dust band top BC; else M
Jumbo Comics (Cont),16,NM,,
Jumbo Comics (Cont),18,NM,,slite speckling top
Jumbo Comics (Cont),19,NM/M,,gentle roll rt margin
Jumbo Comics (Cont),24,NM,,sm corner out fc; sev pp corner out non art
Jumbo Comics (Cont),25,NM,,
Jumbo Comics (Cont),26,NM,,sm po
Jumbo Comics (Cont),27,NM/M,,dust band 1/4 to 5/16 btm BC
Jumbo Comics (Cont),28,NM,,
Jumbo Comics (Cont),29,NM/M,,
Jumbo Comics (Cont),30,NM/M,,
Jungle,1,NM,,2x4 coupon neatly cut out top fc; rest NM
Jungle,3,VFN,,warp; po BC
Jungle,4,NM/M,,
Jungle,5,NM,,Eisner cover
Jungle,6,VFN/NM,,lite water stn bc + lite speckling bc left margin; at sp bc; speckling
Jungle,7,NM,,dark stn bc 1.5x6
Jungle,8,NM/M,,
Jungle,15,NM/M,,gentle sp roll
Jungle,17,NM/M,,
Jungle,18,VFN,,
Keen Detective Funnies,V2#1,VG,,water stn sp bc; some warp in book
Keen Detective Funnies,V2#2,VG,,warped; water stn bc along sp; Cole art
Keen Detective Funnies,V2#10,NM,,
Keen Detective Funnies,11,NM,,
Keen Detective Funnies,12,NM,,3x4 coupon out fc; rest NM
Keen Detective Funnies,V3#1,VFN/NM,,dust stn top BC 1/2 to 5/16
Keen Detective Funnies,V3#18,NM,,1/24 tr fc
Keen Detective Funnies,V2#5,NM,,
Keen Detective Funnies,V2#4,VFN/NM,,gentle roll warp
Keen Detective Funnies,41 H8,NM,,
Keen Detective Funnies,V1#9,NM,,
Keen Detective Funnies,19,NM,,VFN; lite water stn at sp 2 way down; rest NM
Keen Detective Funnies,20,VFN/NM,,gentle warp
Keen Detective Funnies,21,VFN+,,lite sp roll; dark stn top BC 1/2x4.5
Keen Detective Funnies,22,FN/VFN,,lite water stn btm fc; Masked Marvel; Eisner
Keen Detective Funnies,23,VFN,,1st Airman by Frank Thomas
King Comics,9,VFN/NM,,
King Comics,17,G,,1x2 po sp; sp roll
King Comics,19,VFN,,roll warp; lite stn bc 1/2 of spine
King Comics,20,VG/FN,,
King Comics,30,VG+,,
King Comics,32,FN,,
King Comics,35,FN,,sm chew top fc; spotting & sparkling bc; some
King Comics,40,NM,,
King Comics,41,VFN/NM,,discoloration RM fc 2 diam; rest NM
King Comics,44,NM/M,,
King of the Royal Mounted,FB 1,VFN,,speckled band 1/4 x length BC; spine top BC
King of the Royal Mounted,FB 9,VFN,,Black & white; mouse chew top BC 2x2; 1/2 tear slightly into back pages
Liberty Scouts,2,NM,,
Lightning,V2#2,NM/M,,
Little Giant,4,VFN,,lite fc; sm po fc (1/2x1/4 + bc)
Little Giant Detective Funnies,4,FN/VFN,,1939; all black & white stories & comics; @1.5 tears inside pp; Eisner
Lone Ranger BEW,7,VG/FN,,Warp
Lone Ranger F.B.,21,VFN/NM,,sm po bc; FC M
Lone Ranger F.B.,24,VFN,,Warp
Magic,1,FN,,
Magic,4,NM,,
Mandrake F.R.,19,VFN/NM,,2 sm po BC
Mammoth (1937),1,FN,,sm po fc lower corner; high grade equivalent
Marvel Mystery,1,NM/M,,tops of few pp rough due to being stuck together
Marvel Mystery,2,NM/M,,
Marvel Mystery,3,NM/M,,
Marvel Mystery,4,NM,,water stn length of spine; else NM/M
Marvel Mystery,5,NM/M,,
Marvel Mystery,6,NM,,
Marvel Mystery,7,NM/M,,
Marvel Mystery,8,NM,,
Marvel Mystery,9,FN,,roll warp
Marvel Mystery,11,NM,,
Marvel Mystery,12,NM/M,,
Marvel Mystery,14,NM,,
Marvel Mystery,17,NM/M,,2 neat creases BC
Marvel Mystery,18,NM,,mouse chew 1/2x1/2; rest NM
Marvel Mystery,19,NM,,
Marvel Mystery,20,NM,,
Marvel Mystery,21,NM,,no covers; notes Scotch tape adhering cover to book; rest NM
Marvel Mystery,22,NM,,
Marvel Mystery,23,NM,,
Masked Marvel,1,NM,,tiny po fc at sp
Master Comics,1,,,rest white pp; 1-1 fc embedded sp; dark stn 2x1.25 dark stains; 2 water stn bc
Master Comics,15,NM,,tiny po sp
Master Comics,17,NM/M,,
Master Comics,18,NM,,3/4 tr fc
Mickey Mouse Magazine,V2#3,VFN,,2 sm po fc
Mickey Mouse Magazine,V2#4,VG,,
Mickey Mouse Magazine,U-UFN,VFN,,
Mickey Mouse Magazine,13,NM,,
Mickey Mouse Magazine,11,VFN,,speckling top fc
Mickey Mouse Magazine,11,VFN/NM,,lite speckling fc
Mickey Mouse Magazine,#2,VFN/NM,,mouse chew upper rt corner; rest VFN/NM
Mickey Mouse Magazine,,VG/FN,,chew upper rt fc; dust band RMFC
Mickey Mouse Magazine,#,FN,,1x6 mouse chew lower right margin; rest FN
Mickey Mouse Magazine,V4,VG,,2x half chew upper rt corner; non art pp
Mickey Mouse Magazine,S-VE,VG,,dust band RMFC; 1/2 water stn top fc
Mickey Mouse Magazine,V5#4,VFN,,
Mickey Mouse Magazine,5,FN,,1/2 water stn fc & bc
Mickey Mouse Magazine,7,VFN/NM,,
Mickey Mouse Magazine,8,VFN/NM,,May-40
Mickey Mouse Magazine,9,VFN/NM,,
Mickey Mouse Magazine,10,FN/NM,,
Mickey Mouse Magazine,11,VFN/NM,,
Mickey Mouse Magazine,2,NM/M,,
Mickey Mouse Magazine,I-PIN,FN,,
Mickey Mouse Magazine,12,VG,,6 pp color comics rest stories; else NM/M
Military,,NM,,
Minute Man,1,,,dust band 1/2 across top fc + rt margin
More Fun,15,NM,,4/36 (V2#13) Dr. Occult
More Fun,22,FN/NM,,
More Fun,23,VFN,,
More Fun,24,FN,,
More Fun,25,NM,,
More Fun,26,VG,,FC FADED
More Fun,34,FN/VFN,,
More Fun,35,VFN,,
More Fun,38,VFN,,
More Fun,39,VG,,
More Fun,48,FN,,
More Fun,50,FN,,1/2x1 hole fc; affects panel on 4 pp
More Fun,51,NM,,
More Fun,52,NM/M,,
More Fun,53,NM/M,,
More Fun,54,NM,,
More Fun,55,NM,,lite sp roll
More Fun,56,VFN/NM,,Speckled band RMFC & spine area; Radio Squad
More Fun,57,VFN,,sm po sp coupon out
More Fun (Cont),58,NM,,
More Fun (Cont),59,NM,,
More Fun (Cont),60,VFN/NM,,
More Fun (Cont),64,NM/M,,
More Fun (Cont),65,NM/M,,
More Fun (Cont),66,NM/M,,
More Fun (Cont),67,,,
More Fun (Cont),68,NM/M,,
Movie Comics,6-Feb,,,sm piece out top near sp
Mutt & Jeff,1,VFN,,speckling RMFC 1/2 way down; 4 VG
Mystery Men,1,NM,,
Mystery Men,2,FN+,,Fine cover
Mystery Men,3,NM/M,,
Mystery Men,4,NM/M,,
Mystery Men,5,NM/M,,
Mystery Men,6,NM/M,,
Mystery Men,7,NM,,4.25x3 coupon out bc; front cover beautiful; 1st NM
Mystery Men,8,VFN/NM,,lite stn bc at sp; lite stn fc at sp 1/2 way down; else NM
Mystery Men,9,VFN/NM,,1/4 dust band RMFC; 1/4 dust band top BC
Mystery Men,10,NM/M,,
Mystery Men,12,VFN,,top fc rounded; else NM; 1st VFN
Mystery Men,13,NM,,Water stn 3x3.25 BC; FC is M
Mystery Men,14,NM/M,,back cover
Mystery Men,16,VFN,,1/4 lite dust band RMFC
Mystery Men,23,NM,,1/4 dust band btm BC
Mystery Men,24,VFN/NM,,
Mystery Men,25,VFN/NM,,
Mystery Men,26,NM,,sm corner out btm rt fc
Mystic,1,NM,,have small pieces out due to stuck pp
Mystic,2,NM,,
Mystic,3,,,lite print smudge BC
Nickel Comics,1,NM,,top pp rough 3/4 small pieces out at top due to stuck pages
Nickel Comics,2,FN/VFN,,sm po fc at sp
Nickel Comics,4,VFN/NM,,3/4 dust band RMFC
Nickel Comics,5,NM,,
Nickel Comics,6,NM,,1 lite speckling fc at sp
Nickel Comics,7,VFN/NM,,1/4 dust band top fc; 1/4 dust band RMFC
National,1,NM,,
National,3,VFN/NM,,
National,9,NM/M,,tiny po sp
National,10,NM/M,,
National,11,VG/FN,,1x1.5 dust band bc; water stn & faded
National,12,NM,,
National,13,VFN/NM,,stn RMFC x 3 length
New Comics (Adventure),Nov-36,VFN,,issue 10
New Comics (Adventure),Dec-36,NM,,issue 11; gentle sp roll
New Comics (Adventure),437,VFN,,issue 12
New Book of Comics,2,NM/M,,Dr. Occult
NY World's Fair,1939,FN/VFN,,cover glued to book
NY World's Fair,1940,VFN/NM,,dust band 3.5x4 btm; spine fc; crease btm
Lone Ranger Black & White,7,VFN,,Warp
Lone Ranger F.B.,21,VFN/NM,,sm po BC; FC M
Lone Ranger F.B.,24,VFN,,Warp
Our Flag,1,NM/M,,
O.K.,1,NM,,Little Giant; Wonder Boy
Pep,2,NM/M,,
Pep,3,NM/M,,
Pep,4,,,gentle roll warp; dark stn BC
Pep,6,NM/M,,
Pep,7,NM/M,,1/2 speckled band spine area across
Pep,11,NM/M,,
Pep,13,NM,,speckling across btm fc
Pep,14,VFN/NM,,dust band 1/2 across top fc; else M
Pep,15,VFN/NM,,dust band 1/2 across top; warp rt margin
Pep,16,NM,,
Pep,17,,,no BC; 2 sm tears at sp; front cover VFN
Pep,18,,,no BC; rest VFN/NM
Phantom,Pep 19,VF+,,
Phantom F-B.,20,VFN/NM,,1/4x1/4 po BC; value code BC
Planet,1,,,2x4 coupon cut top fc; 1 lite dust band BC; rest NM
Planet,2,NM/M,,lite roll RMFC
Planet,3,,,sev pp torn at tops due to stuck pp; rest NM
Planet,4,NM/M,,gentle roll; else NM/M
Planet,5,NM/M,,
Planet,6,VFN/NM,,5 crease corner tr BC; else VFN/NM
Planet,7,NM,,Some warp - left btm near sp
Pocket,1,NM,,1/16 scuff btm on spine; rest NM
Pocket,2,NM/M,,
Police,1,NM,,med speckling full length
Police,2,NM/M,,lite dust band 1/4 RMFC
Popular,18,NM/M,,
Popular,20,NM,,mse chew sp; 1st NM
Popular,21,,,2 tr sp; Scotch tape spine
Popular,22,NM/M,,
Popular,29,VG,,
Popular,30,FN,,
Popular,31,NM,,
Popular,32,NM/M,,
Popular (Cont),36,VFN,,dust band top fc
Popular (Cont),37,NM,,
Popular (Cont),40,NM,,
Popular (Cont),41,VFN/NM,,2x2 po top rt fc + 2 pages; 1st VFN/NM
Popular (Cont),42,VFN/NM,,
Popular (Cont),44,NM/M,,sm dark stain spine
Popular (Cont),45,VFN/NM,,gentle roll warp
Popular (Cont),46,VFN,,lite dust band 3 edges fc 1/4 around
Popular (Cont),47,NM,,
Popular (Cont),48,VFN/NM,,dust water line btm fc; 1/4 dust band RMFC
Popular (Cont),49,NM/M,,
Popular (Cont),50,VFN/NM,,tape glued fc
Popular (Cont),51,VFN/NM,,roll warp at sp; rest NM/M
Popular (Cont),52,NM,,
Popular (Cont),53,,,1x1 po sp
Popular (Cont),54,VFN/NM,,
Popular (Cont),55,FN,,dust band 1/2x1 RMFC; else NM
Popular (Cont),57,NM,,lite 1/2 dust band RMFC
Popular (Cont),58,VFN/NM,,dust band 1/4xlength RMFC; 1/16 x length top fc
Popular (Cont),61,NM/M,,
Popular (Cont),62,VG/FN,,long stain bc at spine
Popular (Cont),63,VFN/NM,,length fold right margin
Popular (Cont),65,NM/M,,
Popular (Cont),66,VFN,,dust water stn 1/2 RMFC; 1st VFN
Popular (Cont),67,NM,,
Prize,1,NM,,
Prize,2,NM,,
Prize,3,NM/M,,
Prize,4,NM/M,,
Prize,5,NM,,1/2 dust band top fc; 1/4 dust band btm fc
Prize,9,NM/M,,
Prize,10,NM,,gentle roll warp rt margin
Prize,11,NM/M,,
Prize (Cont),12,NM/M,,po top fc at sp
Prize (Cont),13,,,Origin Frankenstein & DOODLE
Prize (Cont),14,NM,,1/2 speckling across top fc; else NM
Red Eagle,FB6,NM,,
Red Ryder,3,NM,,
Samson,3,VFN,,sev very sm scuffs fc at logo; else NM/M
Samson,4,NM,,
Samson,5,FN,,1.5 dust band RMFC 1.5 length; 1/2x2 smudge fc; tiny po fc
Science,1,NM,,dust band 1/2 way; 1st NM
Science,2,VFN/NM,,gentle spine roll; lite speckling 1/2 spine BC
Science,3,NM,,lite full dust band btm fc & top BC
Science,4,VFN/NM,,
Science,5,VFN,,sm mouse chew 1/2 spine
Science,7,NM,,
Shadow,4,G/VG,,4/40; 1st page dirty; warped; thin stain lower left corner; 1st G/VG
Shadow,V1,VG/FN,,1/40; warp; lite speckling across BC
Shield,,DUSTY,,
Shield,#?,VG,,no covers; rest VG
Silver Streak,1,VG,,1/2 stain fc; page dirty; rest VG; 1st VG
Silver Streak,2,FN/NM,,
Silver Streak,3,NM,,Origin Silver Streak
Silver Streak,4,NM/M,,
Silver Streak,7,NM,,pencil writing top BC
Silver Streak,8,NM,,
Silver Streak,9,NM/M,,
Silver Streak,10,NM/M,,
Silver Streak,11,NM,,
Silver Streak,12,NM/M,,
Silver Streak,13,NM,,fc shadow
Smash,1,VG,,
Smash,2,NM,,dark stain top fc; 1st NM
Smash,3,VFN,,stain top fc; rest VFN
Smash,4,NM,,small dark stain 1/4 spine; 1st NM
Smash,6,VFN/NM,,
Smash,7,NM,,
Smash,12,NM,,
Smash,14,VFN/NM,,very small corner out lower corner; Lou Fine art
Smash,15,FN/VFN,,sm corner out fc; some warp
Smash,20,NM,,gentle roll RMFC
Smash,21,G,,no BC; warp RM; rest G
Smash,22,FN,,Warp
Smash,23,NM/M,,
Smash,24,NM/M,,
Smash,25,NM,,Lou Fine art; Jack Cole art on Midnight
Smash,26,NM,,1/2 dust band top fc
Speed,1,NM,,lite water stn 1/2 across btm fc
Speed,2,NM/M,,
Speed,4,,,1.75x1.5 stain RMFC; full RMFC 1/4 from edge
Speed,5,,,Scotch tape 1/2 corner; 1/2 Scotch RMFC
Speed,6,VFN/NM,,1/2 tear spine; dust band 3/4 length RMFC
Speed,7,VFN,,fc at sp upper left
Speed,9,FN,,warp stain half border; else FN
Speed,10,VFN,,dark stain 1x1.25 top fc at sp; else VFN; 1st page dirty
Speed,13,VFN,,Warp; Capt Freedom
Speed,14,,,miniature sized; Shock Gibson
Spitfire,1,NM,,BC slightly soiled at sp; fc is M
Star Ranger,V2#1,VG/FN,,roll warp; Jack Cole art
Star Ranger,V2#2,FN/VFN,,
Star Ranger,V2#14,,,piece out x length; top fc out
Star Ranger,5,NM,,
Starting,1,FN/NM,,some warp fc; water stn 2x4.5 BC
Strange As It Seems Scrapbook,2,VG/FN,,
Submariner,1,NM,,
Super Comics,1,,,very large piece out 4 pp + corner out
Super Comics,4,FN,,dust band across top BC; 1/2 dust band left margin BC
Super Comics,5,VG/FN,,3.5x1 po bc; BC dirty
Super Comics,15,VG/FN,,
Super Comics,20,VFN/NM,,
Super Comics,21,NM,,
Super Comics,23,NM/M,,
Super Comics,24,FN,,
Super Comics,25,VFN/NM,,1/2 dust band top fc
Super Comics,26,FN,,
Super Comics,33,NM,,
Super Comics,34,,,top 1/3 spine faded & speckled 1x3
Super Comics,35,,,btm fc faded
Super Comics,36,NM,,
Super Comics,37,VFN/NM,,
Sure Fire,2,NM,,multi-warp; rest NM
Sure Fire,3,NM/M,,
Superman,1,VG+,,1939; neatly cut out; no back cover
Superman,2,FN/NM,,VFN
Superman,3,VFN/NM,,
Superman,4,VFN,,some warp
Superman,5,NM,,warp; else NM
Superman,6,VFN/NM,,
Superman,9,VFN/NM,,
Superman,10,VFN/NM,,
Superman,11,VFN/NM,,speckling full RMFC; 1/4 dust band across top fc
Super-Mystery,V1#1,NM,,dust band RMFC
Super-Mystery,2,NM,,
Super-Mystery,V2#2,NM/M,,
Super-Mystery,3,VFN,,
Superworld,1,VFN/NM,,rough edges RMFC 1/16x1/4; rest NM+
Superworld,3,FN/VFN,,slight sp roll; bc yellowing; inside pages white where exposed
Target,1,NM/M,,large piece out top rt fc; BC 4x1.25 neatly cut off
Target,2,NM/M,,ad cut out BC 3x4; 1st NM/M
Target,3,NM/M,,
Target,4,NM/M,,
Target,5,FN,,lite speckling 1 RMFC; Wolverton art
Target,V2#6,VFN/NM,,lower tr fc
Target,8,NM/M,,
Tarzan Single Series,1,VFN,,
Thrilling,,NM/M,,
Thrilling,2,NM,,tiny tear sp; lite water stn sp
Thrilling,3,NM/M,,
Thrilling,4,,,mouse chew RMFC; rest VF/NM
Thrilling,5,NM,,FN tear spine top at fc; rest NM
Thrilling,6,VFN/NM,,
Thrilling,7,NM,,slight sp roll
Thrilling,8,VFN/NM,,1/2 dust band top fc
Thrilling,11,NM/M,,
Thrilling,14,NM,,roll RM
Thrilling,15,FN,,mouse chew 1/2 btm rt fc; rest FN
Thrilling,16,NM,,
Thrilling,17,NM,,1/2 dust band top fc
Thrilling,18,NM/M,,gentle warp
Thrilling,19,VFN/NM,,sm po fc; 1/2 dust band 1/4 way RMFC; dust band left margin
Thrilling,20,NM,,Origin Crimson Crusader
Tip Top,2,FN,,
Tip Top,3,FN/VFN,,
Tip Top,4,VG,,
Tip Top,5,VG,,sm po fc
Tip Top,6,FN/NM,,
Tip Top,9,NM/M,,rt margin rolled; else NM/M
Tip Top,12,,,
Tip Top,13,NM/M,,
Tip Top,16,VG/FN,,1/4x3 coupon cut out BC; water stn spine; else VG/FN
Tip Top,17,FN,,neat star punched out upper rt fc
Tip Top,19,VG+,,6 crease fc top rt diagonal; star punched out fc
Tip Top,20,,,mouse chew fc + smaller into sev pp; starting hole
Tip Top,22,NM,,tiny crease corner out fc
Tip Top,24,VFN,,star shaped punch hole fc; roll on rt margin book; rest VFN
Tip Top,25,VFN/NM,,warp 1/4 of book; star punched out fc; 1st VFN/NM
Tip Top,26,FN/VFN,,warp lower left of book
Tip Top,27,FN/NM,,1/2x2.25 po fc; 1/2 tear fc; rest FN/NM
Tip Top,28,FN/NM,,star shaped punch hole top rt fc; 1st FN/NM
Tip Top,29,VG+,,water stn 1/2 of spine; some warp in book
Tip Top,41,M,,
Tip Top,45,FN/VFN,,1/4 yellow scuff at sp; Tarzan cover
Tip Top,46,FN+,,warp from sp; btm
Tip Top,47,FN,,Tarzan cover
Tip Top (cond),48,NM/M,,
Tip Top (cond),49,NM/M,,
Tip Top (cond),50,VFN/NM,,Tarzan cover
Tip Top (cond),51,NM,,
Tip Top (cond),52,NM,,
Tip Top (cond),53,NM/M,,1/4 strip out BC; 1st NM/M
Tip Top (cond),58,NM/M,,
Tip Top (cond),60,NM,,1/2x1 scuff lower rt; rest NM
Tip Top (cond),61,NM/M,,
Tip Top (cond),62,FN,,
Tip Top (cond),63,NM,,
Tip Top (cond),64,VFN/NM,,
Top Notch (Wizard),1,NM/M,,Re-bound; lite speckling BC
Top Notch (Wizard),2,NM/M,,
Top Notch (Wizard),3,NM,,
Top Notch (Wizard),4,NM/M,,
Top Notch (Wizard),5,NM/M,,penciled writing margin BC; rest NM/M
Top Notch (Wizard),7,NM/M,,
Top Notch (Wizard),8,VFN/NM,,Origin Ray - Black Hood - Firefly
Top Notch (Wizard),13,NM/M,,Black Hood
Top Notch (Wizard),15,M,,
Top Notch (Wizard),16,NM/M,,
Top Notch (Wizard),18,VFN/NM,,flat crease btm rt corner; tear fc
USA,1,NM/M,,
Walt Disney,8,NM/M,,
Walt Disney,10,NM,,no BC neatly cut out; spine at staples; 1st NM
Weird,1,NM/M,,tiny po sp
Weird,2,NM/M,,2 top fc slightly soiled
Weird,3,NM,,2 lite spots upper rt corner; 1/4x2.5 total; tiny tear fc
Weird,4,VFN/NM,,slight warp; lite speckling sp bc
Weird,5,VFN/NM,,issue 9
Weird,13,VFN,,lite water spots 1/2x2.75 spine fc
Whirlwind,1,NM,,Some warp btm; water stn BC
Whirlwind,2,VFN/NM,,
Whiz,2,NM,,Issue #1
Whiz,3,NM,,penciled names written fc
Whiz,4,NM/M,,5 inside
Whiz,3,OUT,,
Whiz,6,VG/FN,,chew top rt fc
Whiz,7,NM/M,,
Whiz,8,NM/M,,
Whiz,14,M,,
Whiz,15,NM,,tiny po sp
Whiz,16,NM,,
Whiz,17,NM,,very sm po sp
Whiz,18,M,,
Whiz,19,NM/M,,
Wings,1,FN/NM,,Some warp
Wings,7,VFN/NM,,lite DB 6x1/2 top spine; dust band top fc
Wings,8,VG,,water stn 1/3 of fc & full across spine bc
Wings,9,VFN/NM,,3/4 dust band spine
Wings,10,VFN,,
Wings,11,NM,,lite sp roll
Wings,12,NM,,slight roll
Wings,13,NM/M,,
Wonder,1,VG,,10 cents
Wonderworld (The Flame),3,,,
Wonderworld (The Flame),6,NM/M,,
Wonderworld (The Flame),7,NM,,
Wonderworld (The Flame),9,NM/M,,
Wonderworld (The Flame),10,,,coupon out bc 3x4; 1/4x1.25 po btm at sp
Wonderworld (The Flame),11,NM,,water stn bc at sp; Origin Flame
Wonderworld (The Flame),12,NM/M,,
Wonderworld (The Flame),13,NM/M,,
Wonderworld (The Flame),14,VFN/NM,,1/2 dust band across btm fc
Wonderworld (The Flame),15,VFN,,dust band btm fc
Wonderworld (The Flame),16,NM,,1.25x1 water stn BC
Wonderworld (The Flame),17,VFN/NM,,roll warp 1/3 of spine
Wonderworld (The Flame),18,M,,
Wonderworld (The Flame),27,NM,,gentle roll rt margin
Wonderworld (The Flame),28,NM/M,,metal fc
Wonderworld (The Flame),29,NM,,lite crease length fc; neat piece out bc glued together
World's Best (Finest),1,NM,,lite speckled dust band 1/2 x length fc at sp
World's Best (Finest),2,NM,,water stn BC 2x1
Wow,1,NM,,dust band length top fc; else M
Wow,2,NM,,po fc
Zip,4,NM/M,,
Zip,6,NM/M,,
Zip,7,NM/M,,
Zip,11,NM,,
Zip,12,NM,,
Zip,13,NM,,
Zip,14,VFN,,
Zip,16,NM,,
Zip,17,NM/M,,
Zip,18,Nov-36,,
Feature Comics,25,G,,ADDENDUM Out of Alphabetical Sequence; dark stn 1x2 fc
Feature Comics,28,NM/M,,
Feature Comics,29,NM,,lite warp at sp; Hartlane
Feature Comics,30,NM,,
Feature Comics,31,VFN/NM,,
Feature Comics,32,NM/M,,
Big Shot,1,VG,,
Big Shot,2,,,2x2.25 dark stn btm fc; speckling 1.5x3 btm
Big Shot,3,FN,,lite dust band embedded 1/2 fc
Big Shot,4,NM/M,,
Big Shot,14,NM/M,,
Big Shot,15,NM,,
Big Shot,16,NM,,
Big Shot,17,VG/FN,,speckled band; 1/2 top corner
Red Raven,1,FN,,2-4 dust band RMFC; top fc 1
Flash Gordon Str-Adv Magazine,,NM/M,,color illustrations text cover
Target,7,VFN,,roll warp; else NM
